{
  "name": "Grow a Garden Stock Tracker API",
  "version": "1.0.0",
  "description": "Complete REST API and scraping system for Roblox Grow a Garden stock tracking",
  "author": "AI Assistant",
  "created": "2024",
  "files_created": 20,
  "main_features": [
    "REST API with 8+ endpoints",
    "Real-time stock tracking for all 4 shops",
    "Weather event monitoring",
    "Discord bot integration",
    "Anti-detection web scraping",
    "SQLite database with full schema",
    "Production-ready deployment",
    "Rate limiting and security",
    "Comprehensive logging",
    "Easy setup scripts"
  ],
  "api_endpoints": [
    "/api/status",
    "/api/stocks/seeds",
    "/api/stocks/gear",
    "/api/stocks/pets",
    "/api/stocks/honey",
    "/api/stocks/all",
    "/api/weather/current",
    "/api/weather/history",
    "/api/search",
    "/api/stocks/{shop}/rare"
  ],
  "technologies": [
    "Python 3.8+",
    "Flask (REST API)",
    "Selenium (Web Scraping)",
    "SQLite (Database)",
    "Discord.py (Bot Integration)",
    "Undetected Chrome Driver",
    "Multi-processing"
  ]
}